<?xml version="1.0" encoding="UTF-8" standalone="no"?>
<!DOCTYPE hibernate-configuration PUBLIC "-//Hibernate/Hibernate Configuration DTD 3.0//EN" "http://www.hibernate.org/dtd/hibernate-configuration-3.0.dtd">
<hibernate-configuration>
    <session-factory>
        <property name="hibernate.bytecode.use_reflection_optimizer">false</property>
        <property name="hibernate.connection.driver_class">com.microsoft.sqlserver.jdbc.SQLServerDriver</property>
        <property name="hibernate.connection.password">12345</property>
        <property name="hibernate.connection.url">jdbc:sqlserver://localhost:1433;databaseName=fishingworld</property>
        <property name="hibernate.connection.username">sa</property>
        <property name="hibernate.dialect">org.hibernate.dialect.SQLServerDialect</property>
        <property name="hibernate.search.autoregister_listeners">true</property>
        <property name="hibernate.validator.apply_to_ddl">false</property>
        <mapping class="Order"/>
        <mapping class="OrderDetail"/>
        <mapping class="Category"/>
        <mapping class="Product"/>
        <mapping class="Admin"/>
    </session-factory>
</hibernate-configuration>
